============= EJEMPLO =============
xxxxxx - Visca, Ramiro - ramiroviszan - [opcional = ramiroviszan@gmail.com]
===================================

220556 - Abraham  Nuñez,  Mathias - MathiasAbraham
216242 - Aguiar  Fereira,  Jesús  Gerardo - JesusGerardoAguiar
219029 - Armendariz  Umpierrez,  José  Gabriel - GabrielArmendariz
212995 - Baccino  Cabot,  Diego  Gabriel  - 
217730 - Banchero  Banchero,  Federic - FdBn1999 - fbanchero23@gmail.com
222313 - Bermúdez  Alman,  Alejandro  - abermudez98 - bermudezalejandro1998@gmail.com
210198 - Del Campo  Danrée,  Joaquín  - joacodelcampo - joacodelcampo2@hotmail.com
217632 - D'Uva  Pezzente,  Martín - martinduva
223000 - Hughes  Rodríguez,  Leopoldo  Alejandro  - leopoldoH - leopoldohughes@hotmail.com
221500 - Kimelman  Bercovici,  Gabriel - gkbe - [gabrielkimelman99@gmail.com]
221842 - Llavayol  Guerra,  Valentina  Nicole - valentinallavayol
218188 - Méndez  Cabrera,  Joaquín  Nicolás   - JoaquinMendez (mail:fliamendez.98@gmail.com)
217631 - Miguez  Llorente,  Mauricio  - MauriMiguez
220070 - Misa  Reyes,  Francisco  Jos - Daftok - franciscomisa26@gmail.com
214105 - Monjardín  López,  Alan  Gastón  - AlanMonjardin
223375 - Morales  Peluffo,  Matias  Gabriel   - MatiasMorales - matiasmoralespeluffo@gmail.com
193737 - Mosquera  Carreras,  Florencia  Paul - flomosq
201375 - Pence  Ceriani,  Noela   - noelapence - noepence@hotmail.com
214108 - Pintos  Sugliano,  Bruno  Eduard - brunopintos
217428 - Pirez  Mascheroni,  Facundo  - facupm
220346 - Prando  Martínez,  Joaquín   - joaquinprando - joaco1010@hotmail.com
200427 - Rezk  Bello,  María  Belén   - BelenRezk
193767 - Rezniotopoulos  González,  Christian - ChrisReznio
193764 - Rezniotopoulos  González,  Jade  - Jades98
200893 - Santinelli  Rodríguez,  Fausto   - FausSR - faustosantinelli@gmail.com
222144 - Sidagis  Delbueno,  Evgeny  Takashi  - evgeSidagis
213914 - Silveira  Focco,  Juan  Manuel   - juanmasilf
223777 - Vilaró  Vera,  Manuel  Horacio   - ManuelVilaro
